Position,Title,Description,Url
,,,https://www.indeed.com/rc/clk?jk=a4b96f68e3358b32&fccid=f89deb5a97c7738a&vjs=3
,,,https://www.indeed.com/rc/clk?jk=874c931eda8014ac&fccid=2cd10564780b27e2&vjs=3
,,,https://www.indeed.com/rc/clk?jk=6db9ecef73f218cb&fccid=19252a0ced35e72f&vjs=3
,,,https://www.indeed.com/rc/clk?jk=cbeae73193a4cb7c&fccid=46e789a2786c8da1&vjs=3
,,,https://www.indeed.com/rc/clk?jk=99b1587ae9242580&fccid=50e11ec18861c55b&vjs=3
,,,https://www.indeed.com/rc/clk?jk=68d22103347754f5&fccid=39575763eb890563&vjs=3
,,,https://www.indeed.com/rc/clk?jk=85b912f3f9cd7d7b&fccid=571a96f310d20618&vjs=3
,,,https://www.indeed.com/rc/clk?jk=4dec418aecacce8a&fccid=5bee64c47451d1c2&vjs=3
,,,https://www.indeed.com/rc/clk?jk=9a2eca4654e14810&fccid=7a3824693ee1074b&vjs=3
,,,https://www.indeed.com/rc/clk?jk=4094194e91b8e665&fccid=db1fcfd54d66ab8b&vjs=3
,,,https://www.indeed.com/rc/clk?jk=c2fa1e9185badd3d&fccid=0e94073a1c937bd1&vjs=3
,,,https://www.indeed.com/rc/clk?jk=2cd24880911af926&fccid=ea9c117cd72a84fb&vjs=3
,,,https://www.indeed.com/rc/clk?jk=703d14f99c663600&fccid=03925754e1730576&vjs=3
,,,https://www.indeed.com/rc/clk?jk=f77f76320da841b2&fccid=e3d1e9ce06e668e2&vjs=3
,,,https://www.indeed.com/rc/clk?jk=e1099012021b71d0&fccid=dd616958bd9ddc12&vjs=3
,,,https://www.indeed.com/rc/clk?jk=a77957c0e071bdf6&fccid=a9021c35fcef6968&vjs=3
,,,https://www.indeed.com/rc/clk?jk=e56e8f838796d5f0&fccid=a0586b903218d66a&vjs=3
,,,https://www.indeed.com/rc/clk?jk=eb2da0945ef29971&fccid=63124eec77bf0da5&vjs=3
,,,https://www.indeed.com/rc/clk?jk=ed9a13d366322844&fccid=b4c2a94da92d0fea&vjs=3
,,,https://www.indeed.com/rc/clk?jk=7ef0852c0c50c3af&fccid=0da3ed18c20a248d&vjs=3
,,,https://www.indeed.com/rc/clk?jk=ae20548c6763d6e4&fccid=ae6e171391e978d5&vjs=3
,,,https://www.indeed.com/rc/clk?jk=e884e86a30c88030&fccid=65a841a7f945806c&vjs=3
,,,https://www.indeed.com/rc/clk?jk=d7c1b3c3fb8d8461&fccid=d12645453d9cc8ea&vjs=3
,,,https://www.indeed.com/rc/clk?jk=527105c200aceaf8&fccid=cd16d7546cac8264&vjs=3
,,,https://www.indeed.com/rc/clk?jk=83a44db6e1c5cad9&fccid=9ac45d217f8342a1&vjs=3
,,,https://www.indeed.com/rc/clk?jk=6495a04f97b6888d&fccid=5a969b35c0256a8a&vjs=3
,,,https://www.indeed.com/rc/clk?jk=86f0ac9b1272c1ee&fccid=9ecb91618c39a24f&vjs=3
,,,https://www.indeed.com/rc/clk?jk=53a2bb9f61ec3818&fccid=d88c6f1f51a8fd9b&vjs=3
,,,https://www.indeed.com/rc/clk?jk=fc79cdaf0f0cae27&fccid=0a30b1a1341d4225&vjs=3
,,,https://www.indeed.com/rc/clk?jk=efef535d274145ed&fccid=cdd85c4d445cce0f&vjs=3
,,,https://www.indeed.com/rc/clk?jk=a1b04615547a974d&fccid=674737b89dda47a6&vjs=3
,,,https://www.indeed.com/rc/clk?jk=39f7d4fe5761cbce&fccid=dd616958bd9ddc12&vjs=3
,,,https://www.indeed.com/rc/clk?jk=1ab92a53b34c727e&fccid=7a3824693ee1074b&vjs=3
,,,https://www.indeed.com/rc/clk?jk=c1d985b2ba492d61&fccid=f89deb5a97c7738a&vjs=3
,,,https://www.indeed.com/rc/clk?jk=72eb409d2c4f44be&fccid=846be9e41351e832&vjs=3
,,,https://www.indeed.com/rc/clk?jk=433354290661f6d5&fccid=95a08f6a451ba57f&vjs=3
,,,https://www.indeed.com/rc/clk?jk=d5897866d1591015&fccid=09abad886b83c501&vjs=3
,,,https://www.indeed.com/rc/clk?jk=e1039a9dff65f0f3&fccid=477cda8eacc52791&vjs=3
,,,https://www.indeed.com/rc/clk?jk=a878dc7e67da81c4&fccid=5a969b35c0256a8a&vjs=3
,,,https://www.indeed.com/rc/clk?jk=582786adc328227d&fccid=ca93cbd13ef8b478&vjs=3
,,,https://www.indeed.com/rc/clk?jk=cf318c03571f67bb&fccid=228ce9dc962ac2c5&vjs=3
,,,https://www.indeed.com/rc/clk?jk=313ba3e26148617c&fccid=6e0a19936820440f&vjs=3
,,,https://www.indeed.com/rc/clk?jk=ef2b8dfb85d8519b&fccid=156c7820d1988640&vjs=3
,,,https://www.indeed.com/rc/clk?jk=56f314b26af24c7a&fccid=2472edbe03e34796&vjs=3
,,,https://www.indeed.com/rc/clk?jk=160321836899f5ae&fccid=5a969b35c0256a8a&vjs=3
,,,https://www.indeed.com/rc/clk?jk=2962ee066ef1b10b&fccid=85ffffaebf673194&vjs=3
,,,https://www.indeed.com/rc/clk?jk=3324943c461e4deb&fccid=7886f488b1f6c8a2&vjs=3
,,,https://www.indeed.com/rc/clk?jk=a8091a62b9592c69&fccid=0e94073a1c937bd1&vjs=3
,,,https://www.indeed.com/rc/clk?jk=fc7fe4fac36fc39d&fccid=cee5eb240fcda90f&vjs=3
,,,https://www.indeed.com/rc/clk?jk=98a7f4b126dd1269&fccid=088442c1926d6485&vjs=3
,,,https://www.indeed.com/rc/clk?jk=26e8fed511e0a3c0&fccid=8a88539150e29d11&vjs=3
,,,https://www.indeed.com/rc/clk?jk=db6c2972597e8391&fccid=f89deb5a97c7738a&vjs=3
,,,https://www.indeed.com/rc/clk?jk=6aff2c597b9ec93f&fccid=a5b4499d9e91a5c6&vjs=3
,,,https://www.indeed.com/rc/clk?jk=94b9019eb0fea833&fccid=c5c99ec01e2125aa&vjs=3
,,,https://www.indeed.com/rc/clk?jk=2b84203eec794c60&fccid=d978045561911d24&vjs=3
,,,https://www.indeed.com/rc/clk?jk=665a85e66ec64349&fccid=6a587193b181e4f6&vjs=3
,,,https://www.indeed.com/rc/clk?jk=b18bece523d0add0&fccid=9e88642c8c797c72&vjs=3
,,,https://www.indeed.com/rc/clk?jk=e44652cb4a735cc6&fccid=0e63a5cc21a1f5a7&vjs=3
,,,https://www.indeed.com/rc/clk?jk=3e3ca8f4c10aeeae&fccid=a5b4499d9e91a5c6&vjs=3
,,,https://www.indeed.com/rc/clk?jk=a4524c47f6da0cf4&fccid=04f3d33b600fe96a&vjs=3
,,,https://www.indeed.com/rc/clk?jk=4a838979f52ac534&fccid=f766f8bfbc3effb7&vjs=3
,,,https://www.indeed.com/rc/clk?jk=c78988ee4863f3a0&fccid=33a931747f98e603&vjs=3
,,,https://www.indeed.com/rc/clk?jk=4ce67ee039ac30ca&fccid=088442c1926d6485&vjs=3
,,,https://www.indeed.com/rc/clk?jk=4c1af603d7c05882&fccid=d2b6bfba86ea80d6&vjs=3
,,,https://www.indeed.com/rc/clk?jk=40e641c26a6cd34f&fccid=a5b4499d9e91a5c6&vjs=3
,,,https://www.indeed.com/rc/clk?jk=a2242d3b6b81f3bb&fccid=9ee7581ae7baf7fe&vjs=3
,,,https://www.indeed.com/rc/clk?jk=450d8343c96f2b8c&fccid=6a587193b181e4f6&vjs=3
,,,https://www.indeed.com/rc/clk?jk=87749529727e26dd&fccid=c2aed722996a4145&vjs=3
,,,https://www.indeed.com/rc/clk?jk=210bacdfb5c8f89c&fccid=a4e4e2eaf26690c9&vjs=3
,,,https://www.indeed.com/rc/clk?jk=95268c506004c530&fccid=69c7d55b78dc7424&vjs=3
,,,https://www.indeed.com/rc/clk?jk=c97b082dafcddf62&fccid=38eca8156471a9d2&vjs=3
,,,https://www.indeed.com/rc/clk?jk=a268fae40344959d&fccid=a3f737e511d9fc8c&vjs=3
,,,https://www.indeed.com/rc/clk?jk=19391fe6e1294328&fccid=b3972362e0564834&vjs=3
,,,https://www.indeed.com/rc/clk?jk=fd53a598088c2564&fccid=880e4714f2ad94a8&vjs=3
,,,https://www.indeed.com/rc/clk?jk=8ee64f8287f7919a&fccid=a4e4e2eaf26690c9&vjs=3
,,,https://www.indeed.com/rc/clk?jk=b360f30265da49d1&fccid=49edf7ec660670a1&vjs=3
,,,https://www.indeed.com/rc/clk?jk=24755293a71c82ca&fccid=03925754e1730576&vjs=3
,,,https://www.indeed.com/rc/clk?jk=2307ed84ae721ad8&fccid=0da3ed18c20a248d&vjs=3
,,,https://www.indeed.com/rc/clk?jk=1e5835dc61e7588b&fccid=8c49e99f20f89e48&vjs=3
,,,https://www.indeed.com/rc/clk?jk=d27627cf3739da54&fccid=ea9c117cd72a84fb&vjs=3
,,,https://www.indeed.com/rc/clk?jk=8afabcc9ab257b39&fccid=9ecb91618c39a24f&vjs=3
,,,https://www.indeed.com/rc/clk?jk=3b0ddcecb2b5c249&fccid=b44f3724fccedbe7&vjs=3
,,,https://www.indeed.com/rc/clk?jk=8f87c97458881fc8&fccid=822bc5d9a49270ea&vjs=3
,,,https://www.indeed.com/rc/clk?jk=3c1a65c54c18cdad&fccid=99f81b9c51cc1932&vjs=3
,,,https://www.indeed.com/rc/clk?jk=3df29dd8d9fa9389&fccid=a0586b903218d66a&vjs=3
,,,https://www.indeed.com/rc/clk?jk=68377893187c876d&fccid=f766f8bfbc3effb7&vjs=3
,,,https://www.indeed.com/rc/clk?jk=d909bf3bde9e3491&fccid=8510f9bc3a085f8e&vjs=3
,,,https://www.indeed.com/rc/clk?jk=95edd57bb95b8091&fccid=9ecb91618c39a24f&vjs=3
,,,https://www.indeed.com/rc/clk?jk=2a50fdbbfff4ff06&fccid=eb92b0539e1d2801&vjs=3
,,,https://www.indeed.com/rc/clk?jk=dddc0cfa0bcfbad4&fccid=0e94073a1c937bd1&vjs=3
,,,https://www.indeed.com/rc/clk?jk=137aa8af74e882c5&fccid=81cec93358921643&vjs=3
,,,https://www.indeed.com/rc/clk?jk=501e9e1b2b7825c2&fccid=1f67744ae4e39ac9&vjs=3
,,,https://www.indeed.com/rc/clk?jk=bc772b4c1c499bc4&fccid=98b9a77093961a3d&vjs=3
,,,https://www.indeed.com/rc/clk?jk=f74063185386927b&fccid=47afa44fdeb52f22&vjs=3
,,,https://www.indeed.com/rc/clk?jk=469faca390d06686&fccid=2d391ae803500ab0&vjs=3
,,,https://www.indeed.com/rc/clk?jk=763d28eb67b52ef4&fccid=98eb9367230d83da&vjs=3
,,,https://www.indeed.com/rc/clk?jk=77f06ba5157b7a36&fccid=d2b6bfba86ea80d6&vjs=3
,,,https://www.indeed.com/rc/clk?jk=d933cd5f42554665&fccid=e3d1e9ce06e668e2&vjs=3
,,,https://www.indeed.com/rc/clk?jk=9137cb29476abd57&fccid=5c70ba888d8ca883&vjs=3
,,,https://www.indeed.com/rc/clk?jk=2f995bb9c1a1df6b&fccid=6e9166ecf7604472&vjs=3
,,,https://www.indeed.com/rc/clk?jk=795dfed0082171ee&fccid=250b3b23ab6d1a65&vjs=3
,,,https://www.indeed.com/rc/clk?jk=b43f1cdbeef88f0c&fccid=db1fcfd54d66ab8b&vjs=3
,,,https://www.indeed.com/rc/clk?jk=b61179db66da1205&fccid=fe2d21eef233e94a&vjs=3
,,,https://www.indeed.com/rc/clk?jk=b4ddf700fe2ff4af&fccid=d58172edef0ca33f&vjs=3
,,,https://www.indeed.com/rc/clk?jk=9e97c2f31a205a18&fccid=6810315849d15ff0&vjs=3
,,,https://www.indeed.com/rc/clk?jk=8f48c4c3b6a730a8&fccid=2345e2002bd590b5&vjs=3
,,,https://www.indeed.com/rc/clk?jk=1f5145680ae023ab&fccid=2525cc4a9a704809&vjs=3
,,,https://www.indeed.com/rc/clk?jk=d98a353f4e093e5c&fccid=84347597e41cdb6b&vjs=3
,,,https://www.indeed.com/rc/clk?jk=c49c84286431c237&fccid=e67aed602706a718&vjs=3
,,,https://www.indeed.com/rc/clk?jk=f3c62fb3bf177d44&fccid=38eca8156471a9d2&vjs=3
,,,https://www.indeed.com/rc/clk?jk=ae416685deba77b5&fccid=a5b4499d9e91a5c6&vjs=3
,,,https://www.indeed.com/rc/clk?jk=74c2129fec87da65&fccid=fe2d21eef233e94a&vjs=3
,,,https://www.indeed.com/rc/clk?jk=be428ac2651aea52&fccid=822bc5d9a49270ea&vjs=3
,,,https://www.indeed.com/rc/clk?jk=a70642ce952a7c06&fccid=4201935b1247a27c&vjs=3
,,,https://www.indeed.com/rc/clk?jk=fc820b5eee7ad133&fccid=fe2d21eef233e94a&vjs=3
,,,https://www.indeed.com/rc/clk?jk=31983ddfb5e177dc&fccid=6ed161dcbe085110&vjs=3
,,,https://www.indeed.com/rc/clk?jk=f37bfeed96481bf9&fccid=de17d77aee255519&vjs=3
,,,https://www.indeed.com/rc/clk?jk=cabe003cbfd6c656&fccid=d12645453d9cc8ea&vjs=3
,,,https://www.indeed.com/rc/clk?jk=d65172926dff2d16&fccid=5e5d216b900b1158&vjs=3
,,,https://www.indeed.com/rc/clk?jk=e20b203fc981f336&fccid=cdd30e05c9ce9d8f&vjs=3
,,,https://www.indeed.com/rc/clk?jk=f925944469c49734&fccid=c2aed722996a4145&vjs=3
,,,https://www.indeed.com/rc/clk?jk=859cf8c98bbb202d&fccid=a7d44e65387f5f78&vjs=3
,,,https://www.indeed.com/rc/clk?jk=18f1211c5171ed1a&fccid=dd616958bd9ddc12&vjs=3
,,,https://www.indeed.com/rc/clk?jk=7317a02a905a6436&fccid=0b182249f788ac64&vjs=3
,,,https://www.indeed.com/rc/clk?jk=3648d4b874ce7f30&fccid=044076f542c2a482&vjs=3
,,,https://www.indeed.com/rc/clk?jk=4e6a6daf4c609bed&fccid=38c0d5e4f2a99768&vjs=3
,,,https://www.indeed.com/rc/clk?jk=1848b64b8db92063&fccid=3433aab0a6573d98&vjs=3
,,,https://www.indeed.com/rc/clk?jk=44600144b877de26&fccid=fe2d21eef233e94a&vjs=3
,,,https://www.indeed.com/rc/clk?jk=2093d6a6c5ef3ccb&fccid=6df24d87c9f05a07&vjs=3
,,,https://www.indeed.com/rc/clk?jk=992928c4fce2ab93&fccid=0cdd388ab13e62c2&vjs=3
,,,https://www.indeed.com/rc/clk?jk=8205196445aba1e2&fccid=cdd85c4d445cce0f&vjs=3
,,,https://www.indeed.com/rc/clk?jk=292efab9347a2412&fccid=c2aed722996a4145&vjs=3
,,,https://www.indeed.com/rc/clk?jk=29ea9fad9f468f96&fccid=4eac48cc437ea6ae&vjs=3
,,,https://www.indeed.com/rc/clk?jk=377aeefb29a392f2&fccid=c2aed722996a4145&vjs=3
,,,https://www.indeed.com/rc/clk?jk=89092580d9364b56&fccid=a17f58b80cf72f73&vjs=3
,,,https://www.indeed.com/rc/clk?jk=fc67ed0eb28ee761&fccid=7a3824693ee1074b&vjs=3
,,,https://www.indeed.com/rc/clk?jk=2b3cad36613a911d&fccid=a5b4499d9e91a5c6&vjs=3
,,,https://www.indeed.com/rc/clk?jk=876fca94ef5e6efb&fccid=e15c9978061d7044&vjs=3
,,,https://www.indeed.com/rc/clk?jk=bd05d295269ce8a5&fccid=38eb72d608d80c79&vjs=3
,,,https://www.indeed.com/rc/clk?jk=451e5dc4a7b419a7&fccid=880e4714f2ad94a8&vjs=3
,,,https://www.indeed.com/rc/clk?jk=52a67345bb94a652&fccid=d2b6bfba86ea80d6&vjs=3
,,,https://www.indeed.com/rc/clk?jk=6a14af97457a86c0&fccid=e3e4e520bd2afc8e&vjs=3
,,,https://www.indeed.com/rc/clk?jk=519381f7b2ec19b2&fccid=24f1e899e2d2e2ec&vjs=3
,,,https://www.indeed.com/rc/clk?jk=a4b3f4c4ab198524&fccid=55ebd28e88790c63&vjs=3
,,,https://www.indeed.com/rc/clk?jk=2b5465cabf943d42&fccid=a4e4e2eaf26690c9&vjs=3
,,,https://www.indeed.com/rc/clk?jk=125e3c659e1d9ce4&fccid=156c7820d1988640&vjs=3
,,,https://www.indeed.com/rc/clk?jk=c702774510734d66&fccid=8c49e99f20f89e48&vjs=3
,,,https://www.indeed.com/rc/clk?jk=7aca2c12d3dac974&fccid=cb98b8b8a5e8461e&vjs=3
,,,https://www.indeed.com/rc/clk?jk=16062a0062464836&fccid=4964d07ee51b827b&vjs=3
,,,https://www.indeed.com/rc/clk?jk=01e63c1b98fa05b4&fccid=a06a9e27d7a0ff03&vjs=3
,,,https://www.indeed.com/rc/clk?jk=2583f22407a49dba&fccid=fe2d21eef233e94a&vjs=3
,,,https://www.indeed.com/rc/clk?jk=723a816cbc5ee6e6&fccid=7a3824693ee1074b&vjs=3
,,,https://www.indeed.com/rc/clk?jk=31adaf40b9516d7d&fccid=5b47cb6dc9bd7f35&vjs=3
,,,https://www.indeed.com/rc/clk?jk=bfc11bac753e8971&fccid=7a3824693ee1074b&vjs=3
,,,https://www.indeed.com/rc/clk?jk=03b3d58a93110463&fccid=c1099851e9794854&vjs=3
,,,https://www.indeed.com/rc/clk?jk=35092ac30fd7ba23&fccid=7a3824693ee1074b&vjs=3
,,,https://www.indeed.com/rc/clk?jk=2aec686103dfc4bb&fccid=7a3824693ee1074b&vjs=3
,,,https://www.indeed.com/rc/clk?jk=f6737fe09329b405&fccid=7af474979a2ce5fb&vjs=3
,,,https://www.indeed.com/rc/clk?jk=9cc1696375406283&fccid=6df24d87c9f05a07&vjs=3
,,,https://www.indeed.com/rc/clk?jk=841d4aef7b293f3f&fccid=a5b4499d9e91a5c6&vjs=3
,,,https://www.indeed.com/rc/clk?jk=aa8e234dc0a5e026&fccid=880e4714f2ad94a8&vjs=3
,,,https://www.indeed.com/rc/clk?jk=f78ac23bdea7bd11&fccid=d12645453d9cc8ea&vjs=3
,,,https://www.indeed.com/rc/clk?jk=581e05624c659175&fccid=7a3824693ee1074b&vjs=3
,,,https://www.indeed.com/rc/clk?jk=5a9eaa5faf7f1a8b&fccid=aeed878f21b92a40&vjs=3
,,,https://www.indeed.com/rc/clk?jk=f1c8535daac639b5&fccid=2345e2002bd590b5&vjs=3
,,,https://www.indeed.com/rc/clk?jk=3f76e222f7ee6602&fccid=bbf49ed011f99040&vjs=3
,,,https://www.indeed.com/rc/clk?jk=05d509071b9fdf41&fccid=db52f1353185d77b&vjs=3
,,,https://www.indeed.com/rc/clk?jk=2d131de192542409&fccid=c2aed722996a4145&vjs=3
,,,https://www.indeed.com/rc/clk?jk=41fb91abb2020639&fccid=c037aeb6086309d9&vjs=3
,,,https://www.indeed.com/rc/clk?jk=6274d652c47fe04b&fccid=e7c7bace894a9291&vjs=3
,,,https://www.indeed.com/rc/clk?jk=63f71212469432e2&fccid=088442c1926d6485&vjs=3
,,,https://www.indeed.com/rc/clk?jk=74dbbc024cc1977d&fccid=1af6457dc9e90c32&vjs=3
,,,https://www.indeed.com/rc/clk?jk=d1d843797e1752c4&fccid=ee4b0cf4f4f8a5c6&vjs=3
,,,https://www.indeed.com/rc/clk?jk=712f672218b5b39f&fccid=24f1e899e2d2e2ec&vjs=3
,,,https://www.indeed.com/rc/clk?jk=b0cb998c6a0ec0a7&fccid=3433aab0a6573d98&vjs=3
,,,https://www.indeed.com/rc/clk?jk=ba51b24c9f143e6f&fccid=5cf4e54c5ef78aa7&vjs=3
,,,https://www.indeed.com/rc/clk?jk=e8b8fe695f87fa83&fccid=c2aed722996a4145&vjs=3
,,,https://www.indeed.com/rc/clk?jk=703ff5e5c4a9dbae&fccid=0b182249f788ac64&vjs=3
,,,https://www.indeed.com/rc/clk?jk=25dea4c8feffdcfe&fccid=037150182eaec9aa&vjs=3
,,,https://www.indeed.com/rc/clk?jk=d6fd60bb161a5f70&fccid=55ebd28e88790c63&vjs=3
,,,https://www.indeed.com/rc/clk?jk=c1757f99713f7208&fccid=09abad886b83c501&vjs=3
,,,https://www.indeed.com/rc/clk?jk=c35efa8b8cc59547&fccid=0deb9889b404d0e2&vjs=3
,,,https://www.indeed.com/rc/clk?jk=0d310c44a41882c0&fccid=09abad886b83c501&vjs=3
,,,https://www.indeed.com/rc/clk?jk=9b73438beef593e0&fccid=dd616958bd9ddc12&vjs=3
,,,https://www.indeed.com/rc/clk?jk=86b27453fc46ad3c&fccid=0d7fa840d87fef54&vjs=3
,,,https://www.indeed.com/rc/clk?jk=f92675442be3683a&fccid=c12d31ad508866c3&vjs=3
,,,https://www.indeed.com/rc/clk?jk=e4d4c9dc82011d3b&fccid=6a587193b181e4f6&vjs=3
,,,https://www.indeed.com/rc/clk?jk=ff883a47e48ccb4c&fccid=078571361184d959&vjs=3
,,,https://www.indeed.com/rc/clk?jk=4bbb071530de3244&fccid=a06a9e27d7a0ff03&vjs=3
,,,https://www.indeed.com/rc/clk?jk=34f470e0d9992f74&fccid=5bee64c47451d1c2&vjs=3
,,,https://www.indeed.com/rc/clk?jk=8f58b845f979fbaf&fccid=c4283dfedd3ee2bf&vjs=3
,,,https://www.indeed.com/rc/clk?jk=33729a3f4f0e7c6e&fccid=3d0f7ba22a49432f&vjs=3
,,,https://www.indeed.com/rc/clk?jk=1a6a597beb6524f3&fccid=617690ce838507f3&vjs=3
,,,https://www.indeed.com/rc/clk?jk=920798a91576147b&fccid=5cf4e54c5ef78aa7&vjs=3
,,,https://www.indeed.com/rc/clk?jk=d51b5b2b909d7f0c&fccid=a5b4499d9e91a5c6&vjs=3
,,,https://www.indeed.com/rc/clk?jk=75cf426272cffb60&fccid=4027cfd917e1ee29&vjs=3
,,,https://www.indeed.com/rc/clk?jk=01a66793c06edb47&fccid=694e35673cceda15&vjs=3
,,,https://www.indeed.com/rc/clk?jk=1c3779facc628455&fccid=ae804d7135a7b480&vjs=3
,,,https://www.indeed.com/rc/clk?jk=1100fce73c6b962c&fccid=723fb3b2449a259b&vjs=3
,,,https://www.indeed.com/rc/clk?jk=c80f84c9fa4cabd4&fccid=ae6e171391e978d5&vjs=3
,,,https://www.indeed.com/rc/clk?jk=1d7949ae3dcaf088&fccid=f1374be6a45f4b8a&vjs=3
,,,https://www.indeed.com/rc/clk?jk=13f69a5afa1654e5&fccid=7a3824693ee1074b&vjs=3
,,,https://www.indeed.com/rc/clk?jk=f2f72f5f903b1e97&fccid=0c580827390a3c3e&vjs=3
,,,https://www.indeed.com/rc/clk?jk=7d838af07446d5fb&fccid=c2aed722996a4145&vjs=3
,,,https://www.indeed.com/rc/clk?jk=013cf67a4880f8d7&fccid=ea329378d73f2514&vjs=3
,,,https://www.indeed.com/rc/clk?jk=fb8aa7b9d78ddeab&fccid=ad5cd49e0f99383f&vjs=3
,,,https://www.indeed.com/rc/clk?jk=fba7e36df3947668&fccid=a8605dd2196da447&vjs=3
,,,https://www.indeed.com/rc/clk?jk=5a26f9f40c80fe55&fccid=ebaa8a50df7c2d2f&vjs=3
,,,https://www.indeed.com/rc/clk?jk=59208dedc5b62f07&fccid=2cd10564780b27e2&vjs=3
,,,https://www.indeed.com/rc/clk?jk=539fab74c9e17b8d&fccid=822bc5d9a49270ea&vjs=3
,,,https://www.indeed.com/rc/clk?jk=09e77269e281ba5e&fccid=849cecf89c5fe512&vjs=3
,,,https://www.indeed.com/rc/clk?jk=8ca3542b598c2697&fccid=f2ab4689def17626&vjs=3
,,,https://www.indeed.com/rc/clk?jk=0ffb4e593fa83a79&fccid=47afa44fdeb52f22&vjs=3
,,,https://www.indeed.com/rc/clk?jk=a186c0b47d17a8a1&fccid=42e50b7b66ee4856&vjs=3
,,,https://www.indeed.com/rc/clk?jk=4875727f7dcb5c16&fccid=2ae98fa5cb3d52c1&vjs=3
,,,https://www.indeed.com/rc/clk?jk=2f036eb05c2326ab&fccid=f766f8bfbc3effb7&vjs=3
,,,https://www.indeed.com/rc/clk?jk=eab726f0e5c0adf1&fccid=f89deb5a97c7738a&vjs=3
,,,https://www.indeed.com/rc/clk?jk=8d99bd94dea3099b&fccid=849cecf89c5fe512&vjs=3
,,,https://www.indeed.com/rc/clk?jk=edd094aee9abcb0a&fccid=dd616958bd9ddc12&vjs=3
,,,https://www.indeed.com/rc/clk?jk=0e6a323e56552ea2&fccid=880e4714f2ad94a8&vjs=3
,,,https://www.indeed.com/rc/clk?jk=72b5e6d0ddd94f1b&fccid=61facc23236c90dc&vjs=3
,,,https://www.indeed.com/rc/clk?jk=37ab1435716d0b43&fccid=1623ee20d991e536&vjs=3
,,,https://www.indeed.com/rc/clk?jk=e7f1859c401f9741&fccid=bd3717e9a69d0bd3&vjs=3
,,,https://www.indeed.com/rc/clk?jk=d94e593b40dbae07&fccid=38c0d5e4f2a99768&vjs=3
,,,https://www.indeed.com/rc/clk?jk=c225e96e89eaddac&fccid=12d0120b6260056d&vjs=3
,,,https://www.indeed.com/rc/clk?jk=fba2370b174c6cbf&fccid=c0c25adf1bc2980b&vjs=3
,,,https://www.indeed.com/rc/clk?jk=794d8ae9a1d50417&fccid=6aa7204a59f52d86&vjs=3
,,,https://www.indeed.com/rc/clk?jk=2d8ac51b5c61e018&fccid=6fd668b58a4bc8a8&vjs=3
,,,https://www.indeed.com/rc/clk?jk=820e02f7d3047c5b&fccid=4d2449c755bae3aa&vjs=3
,,,https://www.indeed.com/rc/clk?jk=91d8b8bc54aea700&fccid=6df24d87c9f05a07&vjs=3
,,,https://www.indeed.com/rc/clk?jk=48ac042c5e01dad4&fccid=fb9af7e5086166b7&vjs=3
,,,https://www.indeed.com/rc/clk?jk=b82297919615ebad&fccid=fe2d21eef233e94a&vjs=3
,,,https://www.indeed.com/rc/clk?jk=a368a2a1def321c6&fccid=fe2d21eef233e94a&vjs=3
,,,https://www.indeed.com/rc/clk?jk=89ec8d8ec2c66f44&fccid=c037aeb6086309d9&vjs=3
,,,https://www.indeed.com/rc/clk?jk=51f3a68ad5eda973&fccid=4027cfd917e1ee29&vjs=3
,,,https://www.indeed.com/rc/clk?jk=63ca92fed6b51a20&fccid=48ecd526e3aa3225&vjs=3
,,,https://www.indeed.com/rc/clk?jk=cf9b605ace83a825&fccid=3717728bd34d3339&vjs=3
,,,https://www.indeed.com/rc/clk?jk=0e126357b14501ce&fccid=2e969d559c23dcef&vjs=3
,,,https://www.indeed.com/rc/clk?jk=c6d6222ea5feafba&fccid=03d46927b73885b0&vjs=3
,,,https://www.indeed.com/rc/clk?jk=09c63d1adfcea04d&fccid=e7c7bace894a9291&vjs=3
,,,https://www.indeed.com/rc/clk?jk=460159a790d57fb3&fccid=3ef6655314901dcd&vjs=3
,,,https://www.indeed.com/rc/clk?jk=f7d370e477437af1&fccid=0a30b1a1341d4225&vjs=3
,,,https://www.indeed.com/rc/clk?jk=d997c5dea5c3d8f5&fccid=18a0fc6503dc7b4e&vjs=3
,,,https://www.indeed.com/rc/clk?jk=61085f4bb7df2ecf&fccid=61facc23236c90dc&vjs=3
,,,https://www.indeed.com/rc/clk?jk=094cd1ab8236f302&fccid=7136762d065a5ad7&vjs=3
,,,https://www.indeed.com/rc/clk?jk=dbf37c7fa5040b20&fccid=c2aed722996a4145&vjs=3
,,,https://www.indeed.com/rc/clk?jk=e807487e3cadc71c&fccid=03d46927b73885b0&vjs=3
,,,https://www.indeed.com/rc/clk?jk=1458b7ead7f19390&fccid=cd22d01053af7669&vjs=3
,,,https://www.indeed.com/rc/clk?jk=531d017f336450f4&fccid=f61b9c6e300e3c76&vjs=3
,,,https://www.indeed.com/rc/clk?jk=91282f399050b15b&fccid=e21f6affbb4bb0b2&vjs=3
,,,https://www.indeed.com/rc/clk?jk=50cd9785e78f7beb&fccid=38074558ca105ff0&vjs=3
